{
  "project_info": {
    "project_number": "912819083888",
    "project_id": "recallrush-9e282",
    "storage_bucket": "recallrush-9e282.appspot.com"
  },
  "client": [
    {
      "client_info": {
        "mobilesdk_app_id": "1:912819083888:android:7185ec9befc771465472b5",
        "android_client_info": {
          "package_name": "com.example.recallrush"
        }
      },
      "oauth_client": [],
      "api_key": [
        {
          "current_key": "AIzaSyDbwE9Zcm93sAW6XMcSTiaa7G5TLmtcQ6M"
        }
      ],
      "services": {
        "appinvite_service": {
          "other_platform_oauth_client": []
        }
      }
    }
  ],
  "configuration_version": "1"
}